run_ts_utc,pulled_count,spread_last_ts,spread_3m10y_bp,yc_inversion_today,yc_inversion_30d
2025-08-24T22:45:55.202379+00:00,2,2025-08-22T00:00:00+00:00,17.200040817260742,False,False
2025-08-25T02:30:31.291930+00:00,2,2025-08-22T00:00:00+00:00,17.200040817260742,False,False
2025-08-25T02:34:06.459679+00:00,2,2025-08-22T00:00:00+00:00,17.200040817260742,False,False
2025-08-25T02:35:57.131261+00:00,2,2025-08-22T00:00:00+00:00,17.200040817260742,False,False
2025-08-25T02:49:15.490546+00:00,2,2025-08-22T00:00:00+00:00,17.200040817260742,False,False
2025-08-25T02:53:27.509775+00:00,2,2025-08-22T00:00:00+00:00,17.200040817260742,False,False
2025-08-25T03:00:09.429055+00:00,2,2025-08-22T00:00:00+00:00,17.200040817260742,False,False,2025-08-21T00:00:00+00:00,53.99999237060547,False,False
2025-08-25T03:00:40.053526+00:00,2,2025-08-22T00:00:00+00:00,17.200040817260742,False,False,2025-08-21T00:00:00+00:00,53.99999237060547,False,False
2025-08-25T03:10:32.120623+00:00,2,2025-08-22T00:00:00+00:00,17.200040817260742,False,False,2025-08-21T00:00:00+00:00,53.99999237060547,False,False
2025-08-25T03:12:57.815817+00:00,2,2025-08-22T00:00:00+00:00,17.200040817260742,False,False,2025-08-21T00:00:00+00:00,53.99999237060547,False,False
2025-08-25T03:25:20.548907+00:00,2,2025-08-22T00:00:00+00:00,17.200040817260742,False,False,2025-08-21T00:00:00+00:00,53.99999237060547,False,False
2025-08-25T03:42:20.033509+00:00,2,2025-08-22T00:00:00+00:00,17.200040817260742,False,False,2025-08-21T00:00:00+00:00,53.99999237060547,False,False
2025-08-25T03:44:31.238688+00:00,2,2025-08-22T00:00:00+00:00,17.200040817260742,False,False,2025-08-21T00:00:00+00:00,53.99999237060547,False,False
2025-08-25T03:53:47.030430+00:00,2,2025-08-22T00:00:00+00:00,17.200040817260742,False,False,2025-08-21T00:00:00+00:00,53.99999237060547,False,False
2025-08-25T03:53:54.329143+00:00,2,2025-08-22T00:00:00+00:00,17.200040817260742,False,False,2025-08-21T00:00:00+00:00,53.99999237060547,False,False
2025-08-26T00:29:18.260986+00:00,2,2025-08-25T00:00:00+00:00,18.200016021728516,False,False,2025-08-22T00:00:00+00:00,58.00002288818358,False,False
2025-08-26T00:29:40.336753+00:00,2,2025-08-25T00:00:00+00:00,18.200016021728516,False,False,2025-08-22T00:00:00+00:00,58.00002288818358,False,False
2025-08-26T00:35:32.794751+00:00,2,2025-08-25T00:00:00+00:00,18.200016021728516,False,False,2025-08-22T00:00:00+00:00,58.00002288818358,False,False
2025-08-26T01:21:16.534192+00:00,1,2025-08-22T00:00:00+00:00,-0.9999771118163636,True,False,2025-08-22T00:00:00+00:00,58.00002288818358,False,False
2025-08-26T02:14:42.060010+00:00,1,2025-08-22T00:00:00+00:00,-0.9999771118163636,True,False,2025-08-22T00:00:00+00:00,58.00002288818358,False,False
2025-08-26T15:28:50.370451+00:00,1,2025-08-22T00:00:00+00:00,-0.9999771118163636,True,False,2025-08-22T00:00:00+00:00,58.00002288818358,False,False
2025-08-26T18:31:59.174826+00:00,1,2025-08-22T00:00:00+00:00,-0.9999771118163636,True,False,2025-08-22T00:00:00+00:00,58.00002288818358,False,False
2025-08-27T03:35:42.770671+00:00,1,2025-08-25T00:00:00+00:00,-1.4999904632568395,True,False,2025-08-25T00:00:00+00:00,54.500009536743164,False,False
2025-08-27T20:06:37.678137+00:00,1,2025-08-25T00:00:00+00:00,-1.4999904632568395,True,False,2025-08-25T00:00:00+00:00,54.500009536743164,False,False
2025-08-27T20:07:49.137758+00:00,1,2025-08-25T00:00:00+00:00,-1.4999904632568395,True,False,2025-08-25T00:00:00+00:00,54.500009536743164,False,False
2025-08-27T20:08:45.530654+00:00,1,2025-08-25T00:00:00+00:00,-1.4999904632568395,True,False,2025-08-25T00:00:00+00:00,54.500009536743164,False,False
2025-08-27T20:08:56.449067+00:00,1,2025-08-25T00:00:00+00:00,-1.4999904632568395,True,False,2025-08-25T00:00:00+00:00,54.500009536743164,False,False
2025-08-27T20:13:18.928554+00:00,1,2025-08-25T00:00:00+00:00,-1.4999904632568395,True,False,2025-08-25T00:00:00+00:00,54.500009536743164,False,False
2025-08-27T20:13:50.122362+00:00,1,2025-08-25T00:00:00+00:00,-1.4999904632568395,True,False,2025-08-25T00:00:00+00:00,54.500009536743164,False,False
2025-08-27T20:15:03.510525+00:00,1,2025-08-25T00:00:00+00:00,-1.4999904632568395,True,False,2025-08-25T00:00:00+00:00,54.500009536743164,False,False
2025-08-27T20:15:19.781615+00:00,1,2025-08-25T00:00:00+00:00,-1.4999904632568395,True,False,2025-08-25T00:00:00+00:00,54.500009536743164,False,False
2025-08-27T20:16:19.667214+00:00,1,2025-08-25T00:00:00+00:00,-1.4999904632568395,True,False,2025-08-25T00:00:00+00:00,54.500009536743164,False,False
2025-08-27T20:16:41.585858+00:00,1,2025-08-25T00:00:00+00:00,-1.4999904632568395,True,False,2025-08-25T00:00:00+00:00,54.500009536743164,False,False
2025-08-27T20:17:56.003433+00:00,1,2025-08-25T00:00:00+00:00,-1.4999904632568395,True,False,2025-08-25T00:00:00+00:00,54.500009536743164,False,False
2025-08-27T20:18:20.376937+00:00,1,2025-08-25T00:00:00+00:00,-1.4999904632568395,True,False,2025-08-25T00:00:00+00:00,54.500009536743164,False,False
2025-08-27T20:18:48.003987+00:00,1,2025-08-25T00:00:00+00:00,-1.4999904632568395,True,False,2025-08-25T00:00:00+00:00,54.500009536743164,False,False
2025-08-28T02:17:15.733010+00:00,1,2025-08-26T00:00:00+00:00,-2.200010299682642,True,False,2025-08-26T00:00:00+00:00,64.7999897003174,False,False
2025-08-28T02:23:52.426831+00:00,1,2025-08-26T00:00:00+00:00,-2.200010299682642,True,False,2025-08-26T00:00:00+00:00,64.7999897003174,False,False
2025-08-28T02:29:40.597386+00:00,1,2025-08-26T00:00:00+00:00,-2.200010299682642,True,False,2025-08-26T00:00:00+00:00,64.7999897003174,False,False
2025-08-29T18:05:50.841654+00:00,1,2025-08-27T00:00:00+00:00,-2.200008392333963,True,False,2025-08-27T00:00:00+00:00,64.79999160766603,False,False
2025-08-29T18:06:54.498394+00:00,1,2025-08-27T00:00:00+00:00,-2.200008392333963,True,False,2025-08-27T00:00:00+00:00,64.79999160766603,False,False
2025-08-29T18:12:39.709570+00:00,1,2025-08-27T00:00:00+00:00,-2.200008392333963,True,False,2025-08-27T00:00:00+00:00,64.79999160766603,False,False
2025-08-29T18:13:31.359764+00:00,1,2025-08-27T00:00:00+00:00,-2.200008392333963,True,False,2025-08-27T00:00:00+00:00,64.79999160766603,False,False
2025-08-29T18:14:11.919302+00:00,1,2025-08-27T00:00:00+00:00,-2.200008392333963,True,False,2025-08-27T00:00:00+00:00,64.79999160766603,False,False
2025-08-29T18:16:24.421331+00:00,1,2025-08-27T00:00:00+00:00,-2.200008392333963,True,False,2025-08-27T00:00:00+00:00,64.79999160766603,False,False
2025-08-29T18:17:43.060656+00:00,1,2025-08-27T00:00:00+00:00,-2.200008392333963,True,False,2025-08-27T00:00:00+00:00,64.79999160766603,False,False
2025-08-29T18:19:28.936120+00:00,1,2025-08-27T00:00:00+00:00,-2.200008392333963,True,False,2025-08-27T00:00:00+00:00,64.79999160766603,False,False
2025-08-29T18:21:01.879374+00:00,1,2025-08-27T00:00:00+00:00,-2.200008392333963,True,False,2025-08-27T00:00:00+00:00,64.79999160766603,False,False
2025-08-29T18:21:24.944965+00:00,1,2025-08-27T00:00:00+00:00,-2.200008392333963,True,False,2025-08-27T00:00:00+00:00,64.79999160766603,False,False
2025-08-29T18:22:47.355156+00:00,1,2025-08-27T00:00:00+00:00,-2.200008392333963,True,False,2025-08-27T00:00:00+00:00,64.79999160766603,False,False
2025-08-30T17:21:47.131646+00:00,1,2025-08-28T00:00:00+00:00,-5.300022125244119,True,False,2025-08-28T00:00:00+00:00,58.699977874755845,False,False
2025-08-30T17:24:22.869096+00:00,1,2025-08-28T00:00:00+00:00,-5.300022125244119,True,False,2025-08-28T00:00:00+00:00,58.699977874755845,False,False
2025-08-31T00:07:08.735067+00:00,2,2025-08-28T00:00:00+00:00,-5.300022125244119,True,False,2025-08-28T00:00:00+00:00,58.699977874755845,False,False
2025-08-31T00:15:25.673677+00:00,2,2025-08-28T00:00:00+00:00,-5.300022125244119,True,False,2025-08-28T00:00:00+00:00,58.699977874755845,False,False
2025-08-31T19:54:38.122501+00:00,2,2025-08-28T00:00:00+00:00,-5.300022125244119,True,False,2025-08-28T00:00:00+00:00,58.699977874755845,False,False
2025-09-01T20:53:27.004806+00:00,2,2025-08-28T00:00:00+00:00,-5.300022125244119,True,False,2025-08-28T00:00:00+00:00,58.699977874755845,False,False
2025-09-02T19:13:02.752860+00:00,2,2025-08-28T00:00:00+00:00,-5.300022125244119,True,False,2025-08-28T00:00:00+00:00,58.699977874755845,False,False
2025-09-03T15:59:25.215436+00:00,2,2025-08-29T00:00:00+00:00,-0.29997634887699576,True,False,2025-08-29T00:00:00+00:00,63.70002365112306,False,False
2025-09-05T01:24:31.040770+00:00,2,2025-09-03T00:00:00+00:00,3.0999965667724894,False,False,2025-09-03T00:00:00+00:00,60.099996566772475,False,False
2025-09-05T01:25:40.838744+00:00,2,2025-09-03T00:00:00+00:00,3.0999965667724894,False,False,2025-09-03T00:00:00+00:00,60.099996566772475,False,False
2025-09-11T02:05:08.641081+00:00,2,2025-09-09T00:00:00+00:00,-2.600011825561488,True,False,2025-09-09T00:00:00+00:00,53.39998817443848,False,False
